Bug ID,Bug Fix Commit Hash,Date of Commit
SCM-639,4436bfe57e795f1741a4d7a578fb884745820afb,2011-10-20T22:07:19+00:00
SCM-518,368968b814ec983f2e504be0907ad2187148b594,2018-08-13T23:24:34+02:00
SCM-635,39cbf7edc7c763a7deaf7db740df1854c2c47808,2011-10-10T18:32:28+00:00
SCM-878,c83eee65903c6d1eafd9e51810a3c523037b499b,2018-04-02T00:10:41+02:00
SCM-757,82b8f4bd3e3f61d2e98209e758c43afd41b987d8,2014-06-25T00:22:22-07:00
SCM-879,57c9e6caa823011f9c4cc9d0e72790cbc1f23e4a,2018-04-02T17:39:33+02:00
SCM-637,917fee121eb5f4582a0b720947af829467e38033,2012-02-06T19:17:32+00:00
SCM-759,b273f796be56cd0ea5ab86aed4de250fc262a3c6,2014-07-26T09:48:21-07:00
SCM-759,a678671dc7dc8d8546cc45b9f32997fbd1903b3d,2014-07-22T21:38:58+02:00
SCM-752,252c2ddcfe166759bf6f3b7b0245b09a312a007a,2014-05-26T22:15:08+02:00
SCM-874,302ccb4854af613b5818c4187e5d8fd537484bf9,2018-03-18T00:53:26+01:00
SCM-875,e81778d63cfd6cff7a5fa5a14644440b758e35f2,2018-03-23T13:51:00+01:00
SCM-750,f493dfdbd35daf2eb0f864afff0c00cc839543c6,2014-05-25T22:32:38+02:00
SCM-750,8e0239e76620f0afe68fda5a882468f4be45413c,2014-05-25T22:22:59+02:00
SCM-750,8ac5588aec3df73d585767e7e955591e44446711,2014-05-25T21:32:29+02:00
SCM-750,02c83cea80bf6c000f6f7279be7f6b9cd5a9f7a5,2014-05-25T21:32:19+02:00
SCM-750,89dbddc1eb836a628c777193df3fad71ad0b5290,2014-05-25T21:32:15+02:00
SCM-409,e2f7ed806de3f471ae99d141cb1c28a17b1dd043,2008-09-01T21:25:04+00:00
SCM-888,e25e6bf3d9da6ba015eee274422fd5a0b864e481,2018-05-15T21:47:28+02:00
SCM-646,b565c13a3311c98793f86c2ec95237211c720ef5,2011-11-22T07:55:51+00:00
SCM-525,5390dafa2674565f1fedb973e0841e2df79579df,2010-01-14T09:49:47+00:00
SCM-889,fd177662edb0a9d712e87ae373373c135b959824,2018-08-13T22:17:01+02:00
SCM-647,803056d2fa1205777ff679c21d09ce43c9d87a17,2011-11-28T14:55:57+00:00
SCM-526,af7e7e8ca2644a33eb616b6a6dd1dcb530bdebb6,2010-03-27T03:39:51+00:00
SCM-526,5ffacd85310260731f8d65860c3e9946ee24cf78,2010-03-27T02:46:49+00:00
SCM-405,4ba120effc80e43e5a6d90467479e512f22b8f91,2008-08-21T11:12:33+00:00
SCM-648,548c70457370d3ee8654bb3dee717f8ae6a89014,2011-11-28T09:57:30+00:00
SCM-763,60d98849047f11daec78e2fb14938c12776e68c3,2018-04-29T23:37:43+02:00
SCM-642,66b1210e7927a41320c8ac07de2dd53b20389e20,2011-11-10T14:58:30+00:00
SCM-764,1948757009d5730fd98ad011e3a581b576c91d47,2015-01-02T12:15:41+11:00
SCM-764,9aef6c0a2622165ef0faff7389aaeddbec15afd5,2014-10-15T20:48:39+02:00
SCM-886,7719468daf9432e88c34005ca6054f6c07d3f4b3,2018-05-15T23:39:55+02:00
SCM-765,037ba69bced119de1618526e6977940908eeb7bc,2014-07-18T18:18:49+02:00
SCM-765,6a4ccf507b73d92d33ee050dac8e2d977f7fb245,2014-07-18T00:45:07+02:00
SCM-644,2780bff091ee8e38c50c08ef35e0d41375055309,2011-11-14T08:05:07+00:00
SCM-644,10db78632d13fc41507b42c52e0e39ec0db7f437,2011-11-14T08:04:48+00:00
SCM-402,a04fa48f6a848b2a9ec8518edeb5e91e37134fac,2008-08-22T21:43:53+00:00
SCM-402,777bcb0d471f8ca5709fd03a7c75206a1d3c8c11,2008-08-22T21:39:44+00:00
SCM-887,9cbbb1fa5f2596bf91a6412855ddeb808fd4604d,2018-05-11T02:39:21+02:00
SCM-403,ce07cbbf6cd4ee0f09591e9cd5ebc25785a4ddf5,2009-03-16T21:50:28+00:00
SCM-881,e91395e8d8080e31538633bccd9ea4ccb804bb40,2018-04-13T13:15:11+10:00
SCM-882,5eb6ba71313ba411a71088f4e3eecaa2df280a27,2018-04-13T13:17:14+10:00
SCM-641,547aa972deec46d3b926081d91aba81ffc323423,2012-02-08T21:29:06+00:00
SCM-641,f5b3e3200ff2774099b1b9407349ac8f04e29497,2012-02-06T20:05:54+00:00
SCM-859,66a260a9107b6cec0c4ebfb9a42e9cc808512e90,2018-09-09T21:58:45+02:00
SCM-618,0c41767254eb02add1b6ba2e879e40108daf5771,2012-02-06T21:34:56+00:00
SCM-613,7fee53580b334c73da722d74c182c1ddaa2fcba1,2011-03-18T22:27:34+00:00
SCM-857,7ee2b5a73d09f3822cb6e775bc52f84f80acdb83,2018-08-13T23:43:10+02:00
SCM-737,e250cd544e6d2a0e06769e66f28ad8073cea62a3,2013-12-24T16:49:33+01:00
SCM-297,48d7a9360da8e836e5f1584cb94cc8614864c57f,2007-04-13T12:10:13+00:00
SCM-177,84bf3eb1edc1aa6d83593791e1a8b479f0ad3736,2006-03-29T09:00:22+00:00
SCM-299,a2c66a7e0eb414618532a80fb0f4763c50f134db,2007-04-30T09:46:38+00:00
SCM-179,2fec9682cc8b4cd59c0cbaf039e23c23fc50cdc6,2006-04-04T01:07:32+00:00
SCM-184,96401d83d06985cc678c14df6998fb56d47b53ad,2006-06-08T14:02:34+00:00
SCM-185,71da8b03b69f42ba4cbaf565ad34dd9577d92634,2007-03-22T14:40:14+00:00
SCM-186,98bfdf41ba1c4d1ced3113d68517f509c750f722,2006-08-14T01:01:42+00:00
SCM-181,e3c445bb26f3fa80da6f1cab4fa93e3b70809ae9,2006-04-04T17:56:36+00:00
SCM-628,ccdfdcaa37dbb30ef11a68734c3f02e0a0bc5e17,2018-08-19T00:58:09+02:00
SCM-866,411123cf44deb5a41b2c588360d4c9def30bf4b0,2018-03-03T20:39:44+10:00
SCM-745,fb4e948aff7f21e77fef669e0364ea4e9afb2f2d,2018-08-19T00:46:05+02:00
SCM-624,9857dc06d9dbd153a6c97a5d916cb2f1a2ed92a7,2011-06-16T08:07:37+00:00
SCM-503,859108ec0b53c595b5fecc27d2730258a4b2a0b3,2009-12-28T10:14:21+00:00
SCM-867,83136be25c93c1db8b01e85307624dd0d2cb80b3,2018-03-19T09:25:53+10:00
SCM-868,3b0f2ecb900366564f6ea735302819c3a2c6513f,2018-05-19T00:28:39+02:00
SCM-505,0af128f9fbd6af0b4289a7cf66b3db738d140c1e,2009-12-17T21:29:25+00:00
SCM-505,caefffdc7831cfe7d4e1b7ba58d3e9a4bc6e3373,2009-12-14T22:10:49+00:00
SCM-869,9be3bf0d54f8fde5f2f6f668f5047c1174e7c9d7,2018-05-04T22:42:09+02:00
SCM-862,b03f727fc8713f37f07dc1ede50f145d1d3e128a,2018-03-03T19:51:11+10:00
SCM-863,fa78bbc6d4e93ecc218f245df24c3b674023a25c,2018-02-16T14:33:13+03:00
SCM-621,1992233bc1049adf59a37d27ffcc321def16e4a6,2011-11-28T15:02:19+00:00
SCM-864,83b9c548d99b361da800b2da1204f4f182bd6483,2018-02-18T13:26:36+03:00
SCM-865,774603cf4ef6e81dcf4b939864e6a120419ccc56,2018-02-18T13:39:06+03:00
SCM-502,ebf086207ad0bee9da245e259a8e644afd407fc4,2009-10-08T12:39:23+00:00
SCM-187,6d470847a92b415ec64e3860e38113c3c1b73ce7,2006-09-25T08:24:49+00:00
SCM-740,b4aee5091bfbda166e879b005042b2b7d518436c,2014-03-17T21:58:04+01:00
SCM-190,dcae9aa09a624bec5e05c73bbf33606ed5e9e346,2006-05-13T07:57:49+00:00
SCM-191,4ceb5f19338ad1dbe470c94de086d3c4b3494f51,2006-05-13T07:58:55+00:00
SCM-193,4686b69325efd9edec25e3765aefe3f1e0448f4b,2006-05-04T23:09:00+00:00
SCM-15,a35edf11af52c9954296e2c5fdc19b1b1588fb60,2006-03-01T14:34:08+00:00
SCM-15,d9ce79dd81b88ebe089d97efba3517d3c2e9e696,2006-02-08T07:29:43+00:00
SCM-15,3d03c4ff869a8710f1de085b283c6260d1e3a317,2006-02-03T14:21:03+00:00
SCM-16,3aebf17ddab5897182c2982cff0b8feb0991ffde,2006-08-15T03:19:41+00:00
SCM-16,1f25e547378b34c511024b3d0626016a913e13dc,2006-03-02T15:02:53+00:00
SCM-16,faa3ebacbb28c0bd97ec625e28f3ef037ada1230,2006-02-28T01:00:39+00:00
SCM-16,9b2ce83a1e811f165d49ccd05abd4eb75f1bdb49,2006-02-27T14:47:01+00:00
SCM-16,6ba28ceb788ada378b3bb1ace32e6dcd69a8785c,2006-02-24T15:05:35+00:00
SCM-16,949136ef09e86f9ea9d2dfad9fdb38f5dd971a0c,2006-02-23T15:53:16+00:00
SCM-16,d6ef961c7fb3686b3b5cc8ced5b888147ef2ad34,2006-02-23T15:51:00+00:00
SCM-316,70f922008f07c6a422b91170b2bec8048df487d4,2007-05-18T08:58:10+00:00
SCM-14,518a9d9cffc067153810aec6ac787c72227ab6dc,2006-02-03T18:01:01+00:00
SCM-14,2151c8be511d1ddf70b45716401ad5f6986c0402,2006-02-02T21:21:47+00:00
SCM-14,df1187717e8d0de1a3696443200888a8dc2a288d,2006-02-01T17:39:30+00:00
SCM-14,de2189b5fafd35d51060f036e30f6c3194195f02,2006-01-31T09:49:59+00:00
SCM-14,b1c8cc2a9ff117530cf1142cf5e38d057e22a2e2,2006-01-31T09:32:56+00:00
SCM-14,5997ec41ad031a5212e9798f9a77de16e4ea5df9,2006-01-31T09:13:33+00:00
SCM-14,c6280e886b5d98b852d2c09062ec5d0d00908b7a,2006-01-31T09:10:54+00:00
SCM-14,7aca62a55d57ba18e3234bb92f220e4fc9ff99a9,2006-01-30T13:44:37+00:00
SCM-14,5d5f06824b00721ef3b21968f9f8ffa99ae7448d,2006-01-23T03:54:00+00:00
SCM-439,387e533875f098d46eb2a40bacb410a25874f847,2009-11-28T19:19:17+00:00
SCM-433,fb8934eca270c6689b8f3fd6638bcaacb866b819,2009-01-09T11:58:12+00:00
SCM-312,7ca93f5c8cdfc2bea153783b0da2c46e28447ba6,2007-05-17T10:08:06+00:00
SCM-797,f3877d91d0d68f3655bd669e07647eb88c88429e,2018-05-11T02:45:05+02:00
SCM-555,2ee18b8a15c0a0f970b61e3640f2c998e03a1683,2011-02-05T22:39:49+00:00
SCM-313,df7a24e2a9cc5d1d20e1982e7c8229c6f64812e2,2009-03-21T11:35:00+00:00
SCM-435,c96ca2477eb0c8227631784417173afa7805a410,2012-11-18T17:20:06+01:00
SCM-314,1c49f6bf505011ec63afc0f58daec6b16738e37a,2008-05-14T20:43:35+00:00
SCM-678,09c41a2bca500b2c2d82bedc567a6962e18bed12,2012-06-20T12:35:38+00:00
SCM-315,a26914d4fa5f9ce884848af7b696e734b64c1bcc,2007-05-17T14:27:28+00:00
SCM-671,2ce351ba46bd89446b8e194fc3a97cab818a928d,2012-04-23T08:20:47+00:00
SCM-672,0b92390b77ba59b809a3162702907d5f26cda5db,2012-04-23T08:21:11+00:00
SCM-551,9df527eae7f742b968980a8e0d8f5cc56d324462,2010-06-08T20:15:03+00:00
SCM-431,e2b674c223f17c1db462e074661ecea32db89bb7,2010-07-08T22:04:57+00:00
SCM-795,61f9c973b342e5db66d48869bc1f04ac35fb423f,2015-05-09T21:06:37+10:00
SCM-795,9df010c0cba7a81fc0ef7c277cdbaec79e32272b,2015-05-09T20:28:24+10:00
SCM-795,2d7502077559d46f8009e45311b8ce5ab79f01bb,2015-05-09T20:06:36+10:00
SCM-553,d746e54443cd38e00755ed905fe9e6e9f777f52b,2011-02-05T23:13:10+00:00
SCM-311,e8c3777cc7b7eaf56cd5992d7a7d90597a89c35b,2007-05-17T09:52:11+00:00
SCM-680,55b08698d9f148cf2bb3f916f4ed09409577d019,2012-06-22T10:22:25+00:00
SCM-681,87f4a780e9a82631f8a2b76d123c50fe0b21f229,2013-10-12T18:55:46+11:00
SCM-681,6cc05afe9f66466df4cf3bb28fc5f914c9576964,2012-06-27T19:38:56+00:00
SCM-208,1529a83a69be760c44f3e09a4a56c43dbed3d0be,2006-05-24T08:24:26+00:00
SCM-209,c34746afa1f3266f7153d390e9d0ad0df9f0cb68,2007-04-30T21:09:04+00:00
SCM-686,5c58908896a1b82bc6ee0af005adf0d6ef326395,2012-08-20T16:10:26+00:00
SCM-444,1f84f6199fb095e5b3b143bd11ee48d738aca9c3,2010-03-11T22:31:38+00:00
SCM-444,d0251bb594eb88179e946477264fb4bae2fa8654,2010-03-11T22:30:56+00:00
SCM-323,3d19ddba2b04727fd2de69e0cb24099547a86ce1,2007-06-28T19:59:18+00:00
SCM-202,002134dd049a2998b3de9c5057c8d0dc984453ff,2006-05-17T07:53:27+00:00
SCM-566,f66329895b34e879728f431f1783c912b268381c,2011-02-13T15:35:40+00:00
SCM-204,913c9c494d02fd4eb89fae94e3269b9c66b02e75,2006-05-18T15:41:14+00:00
SCM-689,ffdc52d98e8cb2d0fbaa6a95a4aef2d07f613c0d,2012-08-28T22:47:15+00:00
SCM-568,519529f74679943cf39a59946e4a49f8aa7e3b26,2010-08-05T13:03:00+00:00
SCM-682,9dfde5c6295beea94e8ad3a53da37833ed648df1,2016-04-06T09:48:46+10:00
SCM-440,c68c37e690b1282c80364bce28da4ea4cbf7c3df,2009-03-21T22:09:17+00:00
SCM-441,0f7292086489b0ecc79fff14f00ba20f9efa2bd9,2009-03-18T21:52:02+00:00
SCM-320,086ab1669349be8510998cbde2450e36e62bd4a3,2007-09-27T12:09:20+00:00
SCM-321,b3e274f233e14049f8da0a10f15690780a631637,2008-01-03T21:29:09+00:00
SCM-685,68e3ea4d12342664b1ad569a36d5f9978352a17d,2012-08-11T11:41:43+00:00
SCM-443,033c937f9c0e9da1a815413d05690ff7920f86ce,2009-03-21T10:18:45+00:00
SCM-692,b7098f77fe9d945360f38c059bcb0f582c0009ea,2012-08-31T22:23:39+00:00
SCM-415,4bf5c73691f796a62efc8215888611d94a671600,2008-12-04T22:49:48+00:00
SCM-658,a4f03959b5c26e122b5923d52e3aa2de943c1470,2012-04-20T21:12:37+00:00
SCM-658,23fd6198e92a971714e50b4c7c012957f30951cf,2012-04-20T21:12:15+00:00
SCM-658,dbf2324f53cee1b7a53b5cf15a0566ce546d68dc,2012-04-20T21:11:59+00:00
SCM-658,945d096eb48634099377e5f52dadfb52f04a1496,2012-04-20T21:11:40+00:00
SCM-658,082a421dd65becf7ebfdd437d9c67d883cbe17cb,2012-04-20T21:11:22+00:00
SCM-417,de71a57cdf9ec12432abc880541765a5d6afe309,2009-03-21T12:56:36+00:00
SCM-539,41db396770fd84be7ab31799849044d401f2c82b,2010-06-08T21:02:18+00:00
SCM-418,80dbf64ef86b7107c6d0caf4496eaa65285f8fd4,2009-04-30T16:50:15+00:00
SCM-895,999cd528d3b7235f1ef31308471d9e7c71b3f973,2018-08-15T22:24:37+02:00
SCM-896,34dcd0502d1ccd3e35c690a6d289d3a8d12c941d,2018-08-18T23:41:24+02:00
SCM-777,04b16dc3a80bcc1a8875adde4e6484bb208af281,2019-01-24T22:41:46+01:00
SCM-656,5a700d25e84c0a7faaf9892d1d1a5ac53c57b70f,2012-02-03T12:24:13+00:00
SCM-892,83afc2a6d46f1446c28645445e766027e1dcff42,2018-08-18T21:46:24+02:00
SCM-772,a1339f4d8830e8f99fc7aa76c0e5a2bab7299c88,2016-06-04T12:36:46+02:00
SCM-772,68eecff6c782e18eb59840205c55d3d1631aa256,2016-06-04T00:05:20+02:00
SCM-780,ab163ea9a3f902adc482f42ad20aafa491412827,2015-02-01T12:27:38+01:00
SCM-8,9a3daeeac48a4bf24df73627bc56c45071629834,2018-12-14T14:12:32+10:00
SCM-8,66a260a9107b6cec0c4ebfb9a42e9cc808512e90,2018-09-09T21:58:45+02:00
SCM-8,7600d293d2a07beb94ad467ce09c6fb816ee09b3,2018-09-08T22:21:25+02:00
SCM-8,c3e1baabf8e5b8c21217c798b1e9176dc837bea3,2018-09-01T20:31:02+02:00
SCM-8,f541f1ce54452ef60f3e0d6a3947205d47196727,2018-09-01T20:29:36+02:00
SCM-8,13775da2dbb30e7fc553d449672bb74dd8d02a14,2018-08-19T23:02:54+02:00
SCM-8,34dcd0502d1ccd3e35c690a6d289d3a8d12c941d,2018-08-18T23:41:24+02:00
SCM-8,83afc2a6d46f1446c28645445e766027e1dcff42,2018-08-18T21:46:24+02:00
SCM-8,999cd528d3b7235f1ef31308471d9e7c71b3f973,2018-08-15T22:24:37+02:00
SCM-8,c595cbbf58ec3a1113072e7c02122f3a74784c5b,2018-08-14T00:20:16+02:00
SCM-8,7ee2b5a73d09f3822cb6e775bc52f84f80acdb83,2018-08-13T23:43:10+02:00
SCM-8,8f0f90265357714f4a6f363cf05688f3ed91747b,2018-08-13T23:24:09+02:00
SCM-8,fd177662edb0a9d712e87ae373373c135b959824,2018-08-13T22:17:01+02:00
SCM-8,3febd03186ec5ad5b27bba20f97ce8326d7ad748,2018-08-11T23:56:34+02:00
SCM-8,c03e33c4a2afe8fcb1a002fd4bbc7fe8dd831e77,2018-06-27T23:06:10+02:00
SCM-8,67a4c252838c2c4c6d12409c5831b1e92d9bcc98,2018-05-23T22:22:01+02:00
SCM-8,3b0f2ecb900366564f6ea735302819c3a2c6513f,2018-05-19T00:28:39+02:00
SCM-8,7719468daf9432e88c34005ca6054f6c07d3f4b3,2018-05-15T23:39:55+02:00
SCM-8,e25e6bf3d9da6ba015eee274422fd5a0b864e481,2018-05-15T21:47:28+02:00
SCM-8,9cbbb1fa5f2596bf91a6412855ddeb808fd4604d,2018-05-11T02:39:21+02:00
SCM-8,04b4c9db64535aa973c4b5a2c02aad562456daa2,2018-05-04T22:51:34+02:00
SCM-8,9be3bf0d54f8fde5f2f6f668f5047c1174e7c9d7,2018-05-04T22:42:09+02:00
SCM-8,ba6fdabf011384f657cb6bae1f38f84b013a5132,2018-05-02T11:44:44+10:00
SCM-8,5eb6ba71313ba411a71088f4e3eecaa2df280a27,2018-04-13T13:17:14+10:00
SCM-8,e91395e8d8080e31538633bccd9ea4ccb804bb40,2018-04-13T13:15:11+10:00
SCM-8,57c9e6caa823011f9c4cc9d0e72790cbc1f23e4a,2018-04-02T17:39:33+02:00
SCM-8,c83eee65903c6d1eafd9e51810a3c523037b499b,2018-04-02T00:10:41+02:00
SCM-8,8d7613c0b3c5b6337fee01baf9648b0ca3550509,2018-03-24T12:09:19+01:00
SCM-8,e81778d63cfd6cff7a5fa5a14644440b758e35f2,2018-03-23T13:51:00+01:00
SCM-8,83136be25c93c1db8b01e85307624dd0d2cb80b3,2018-03-19T09:25:53+10:00
SCM-8,3d44a486c67be7f89d1d76219c5ae5c7521878be,2018-03-18T12:25:38+01:00
SCM-8,0eccc16ecbde12195c503d565245c6cf9865c50a,2018-03-18T12:12:14+01:00
SCM-8,302ccb4854af613b5818c4187e5d8fd537484bf9,2018-03-18T00:53:26+01:00
SCM-8,609c4bdc7668ff11cee5dba51e4ac2ff3e6dce51,2018-03-17T01:22:09+01:00
SCM-8,8e4769866d6cc8843aafab597330a3927b7834cc,2018-03-11T01:21:33+01:00
SCM-8,411123cf44deb5a41b2c588360d4c9def30bf4b0,2018-03-03T20:39:44+10:00
SCM-8,b03f727fc8713f37f07dc1ede50f145d1d3e128a,2018-03-03T19:51:11+10:00
SCM-8,774603cf4ef6e81dcf4b939864e6a120419ccc56,2018-02-18T13:39:06+03:00
SCM-8,83b9c548d99b361da800b2da1204f4f182bd6483,2018-02-18T13:26:36+03:00
SCM-8,fa78bbc6d4e93ecc218f245df24c3b674023a25c,2018-02-16T14:33:13+03:00
SCM-8,4c13db8164691aca57ab6279c550e339e7639ae4,2017-04-15T23:54:45+02:00
SCM-8,0be4b4259af486bf8cbf218a30be3af2c12e910f,2016-08-24T01:59:31-07:00
SCM-8,304d09eb666f84cd64a20632c2ae744dd37ddcff,2016-06-12T22:09:55+02:00
SCM-8,ef1116f718fcdb8c8360f88b79410313324b3e1c,2016-06-12T21:59:21+02:00
SCM-8,2e3fd542d3f02afc1d5f8cbcddfa874b2cc5dad6,2016-06-10T13:38:54+10:00
SCM-8,3dbbae9c5a7c92f6f1d8d8fc3824cee7eefedab5,2016-05-31T23:16:29+02:00
SCM-8,dec6e0db9438559f3e707c58becadb6e96598755,2016-05-31T00:32:30+02:00
SCM-8,57f24ab047e8af8ade59df32639e942b6ba89c12,2016-05-30T23:35:20+02:00
SCM-8,cd151e8079da3029e2a43a6eac96d56e4e9a474c,2016-05-30T23:19:55+02:00
SCM-8,cd4153912591c26b9d908256f1f87687f7f47c91,2016-05-29T21:58:17+02:00
SCM-8,1fd6136ed3cce4b633d08227482f387d1669465b,2016-05-27T21:11:01+10:00
SCM-8,860a2eeae26254bd330fc43ffd920bbc2e55a281,2016-05-27T11:41:24+10:00
SCM-8,2ed8f5ee521e776ead3f8b6a54685f059bac27b8,2016-05-27T11:41:09+10:00
SCM-8,8b404a9aca8adef0d3124b223eccf3ecc70fd08d,2016-05-25T21:54:55+10:00
SCM-8,1c0bb9e8ea9d9bf0ecfad18bfea65baf175968ae,2016-05-25T21:27:51+10:00
SCM-8,9f30e46c6e72edf7ef72683289ab5b5722d2f8e7,2016-05-06T04:02:59+02:00
SCM-8,ace95979ff879f7515c939b3a0b5ddedcabbc7dc,2016-05-06T04:02:35+02:00
SCM-8,ff63ef9a3b466930de90e9d58fdbf834c25663eb,2016-04-12T22:19:01+10:00
SCM-8,6dddf1fc0847be77b2fba4eb073c85e1dd69682a,2016-04-06T10:21:34+10:00
SCM-8,e0afea49748920fb5172d4130ee9a5c3f2207341,2016-04-06T10:01:45+10:00
SCM-8,3aab5fda6cb1bcf83da67bac29a9731047e923f1,2016-04-05T13:20:30+10:00
SCM-8,9d009e8f14c0dff99c377b8991bdd59b519f0d33,2016-02-06T10:15:41-05:00
SCM-8,8785b85e0d6273f88e7bd173c5d59d0e2c1148c2,2016-02-06T09:58:36-05:00
SCM-8,5c303e41f51ed8c4698863940ef6099e7c825faa,2015-12-22T16:40:01+01:00
SCM-8,1aa703942bac334d93cf66e32b3625cbe279fd30,2015-12-22T12:20:31+01:00
SCM-8,c60444794a596cb0ea7cb36c0239441b87c5709f,2015-12-17T15:00:37+11:00
SCM-8,a1c59eca25dc360c7a3cb666d7a60f5d4f1f2efe,2015-10-05T11:04:43+02:00
SCM-8,eb2ee221b5c3dff2ab3c544f176c5bba2f8de7ad,2005-12-02T08:24:24+00:00
SCM-8,02d30f2522568e71925a5acdae0d2091c2b26a15,2005-11-30T08:08:49+00:00
SCM-8,85d5b7de34c93d18da4ba5db4ddf9b098a52feb4,2005-11-29T16:32:18+00:00
SCM-8,45d3dc744adc25176ac9602fc8c9b1c9186d3fa4,2005-11-29T09:52:27+00:00
SCM-8,43bcb5214b7929036f2b7ee1cece4781a32306c6,2005-11-24T20:01:32+00:00
SCM-8,6c5dc9ab06414abe69f8fb17a98fbbe767444bd8,2005-11-24T16:21:08+00:00
SCM-8,34e3f645f9f2eb59cadf57f7657bf3fb04acfd1e,2004-04-27T14:12:14+00:00
SCM-305,3e2df1b4442ca37a4dd9cc90a7cf8f4e7a6f5fe5,2007-04-27T21:33:29+00:00
SCM-301,7f65c29f5b0dac4a4660ea48eedfe74a0a4765f4,2007-04-24T22:46:55+00:00
SCM-786,2e6768ec5f0664972820f855ed8a1d7f08d55b1b,2014-11-21T14:09:39+01:00
SCM-667,7afe5af23ac6dce8923305208a509d653b9ed876,2012-03-20T22:05:02+00:00
SCM-660,4cc1284b793a0999c3ed041f771f0dec81195ba9,2012-01-27T12:42:47+00:00
SCM-663,1c5a9e8ce4459b8779d13c17e1e10a6eb4d716fb,2012-02-07T17:29:40+00:00
SCM-421,ba9e65ff3907671a014b0c695f87cc44f0218e66,2009-03-21T10:55:50+00:00
SCM-300,b09192cac537cf705a558c7006e174bfa7e130c0,2007-04-24T16:09:22+00:00
SCM-791,dc9b283269ac67ebbaae1d285f58d591b0f28573,2018-08-18T21:46:24+02:00
SCM-239,a1dd2ca4b154c0fc9fa305fcf01fbcc7e59aea6f,2006-10-05T16:07:28+00:00
SCM-118,a52767e731513fd0b2f670a17d0cb8dc4ed42090,2006-01-25T10:51:24+00:00
SCM-911,184e6fe758cf9e7d7f0e7985c45dca24df6181a8,2018-09-09T21:17:21+02:00
SCM-911,64ab8196375e914b894434f9a737bf3cea9d0021,2018-09-09T13:25:05+02:00
SCM-119,d8e43e2c0a4d7357eb2a4c1ae683bd4fbb987abd,2006-01-03T20:18:29+00:00
SCM-58,c1a7e71219147a5a0b977be95d14e8118f42fb7d,2012-02-06T19:56:44+00:00
SCM-58,6eba8536a1743af4c0d569364f8e9c374a69b3fc,2011-02-07T12:27:11+00:00
SCM-58,9198bda7461694316e14c368e1b916045cc8d5e7,2011-02-07T12:22:40+00:00
SCM-58,ff1918ab25a71bf430a36d3c584964e1c6b289ad,2011-01-19T21:54:37+00:00
SCM-58,a347f295ad73fe838d6df2f67d3e955fd91cd85a,2011-01-15T09:22:32+00:00
SCM-58,8198138b0bcfe393a04727d5eadfe526c6a34310,2010-12-25T21:13:09+00:00
SCM-58,4b07307814e70c71efb3e1433cd4f3b04acd8623,2010-12-04T22:22:50+00:00
SCM-58,b9e42308328bc443b2eed5efbe490d7e0bd0ea2e,2010-11-14T23:20:07+00:00
SCM-58,89da44b28ff3b886a5292b156673b468fabad230,2010-11-13T11:56:29+00:00
SCM-58,a3bd009ab009b7a6060e4b2d42eed03fb578c879,2005-10-19T16:00:19+00:00
SCM-56,64d2d326496378baa07534cac9645feabadcae63,2013-01-14T20:53:54+01:00
SCM-56,8bb955a0fa26d2feee21db470e1f24086efe15b8,2011-05-15T12:27:10+00:00
SCM-56,f66329895b34e879728f431f1783c912b268381c,2011-02-13T15:35:40+00:00
SCM-56,519529f74679943cf39a59946e4a49f8aa7e3b26,2010-08-05T13:03:00+00:00
SCM-56,5f3fd29c0059cf0dfe46233e4f0f764c95742141,2010-07-30T08:14:27+00:00
SCM-56,869e5dfa8b2420ed7276660d9517c5b72d9b075f,2010-07-18T21:09:51+00:00
SCM-56,b39428a71786c4f0abb90aaa1cd89e09eccc3821,2010-07-18T21:03:56+00:00
SCM-56,529108ab634b6ce4007363623245c0008edb0023,2010-07-18T20:25:44+00:00
SCM-56,38f1f712fc86e75ae4b35419bf596773d52e173f,2005-11-12T17:59:02+00:00
SCM-356,e62be0b79bc602a641ca2561301e338aafb7b510,2008-05-19T19:59:33+00:00
SCM-235,a24be6ff7abd3f3483148a2286d1b10abeb9cec7,2006-09-21T19:49:18+00:00
SCM-478,912a1c8f7e97bf7dd2f6856e2919f11819d35e0b,2012-02-06T21:04:41+00:00
SCM-357,51d706db43ee07cc42dc7602133deba782b635d6,2008-09-02T11:36:40+00:00
SCM-357,5c0483beba402abc9631c62eb417e9c5eb9e68c9,2008-09-02T11:23:31+00:00
SCM-115,38c1148bd0c3176579ce9d650f1d74a4684cdf9d,2005-12-21T16:52:40+00:00
SCM-237,31e1cfadb1cf47694fe21212a2a54834f18fca76,2006-10-29T21:00:51+00:00
SCM-237,71184fd861835ccb28722df79a5572584a2a2e66,2006-10-29T20:55:35+00:00
SCM-116,bc92ac4136665f6be79bb191fbefad7f28f2df4c,2007-03-12T13:23:18+00:00
SCM-110,9ecdab7b53d7535504596974d9bc26d97d3723a2,2005-12-15T09:35:07+00:00
SCM-111,38c1148bd0c3176579ce9d650f1d74a4684cdf9d,2005-12-21T16:52:40+00:00
SCM-111,275c1d365d5439410dda7063ba1bf3505ca998e1,2005-12-15T09:40:34+00:00
SCM-475,0536ecd9d2c1e5afb1846650e09d128f0baa309d,2010-11-08T20:56:55+00:00
SCM-112,f2ec10f364475b036bfa4d8598cd76e75bba89bf,2006-01-15T05:02:19+00:00
SCM-597,cc4f7e2a42f22b386884992c91233dc2ca988dc2,2011-01-21T22:45:36+00:00
SCM-355,ff464da63b330816c6df8d26719b9a627798a259,2008-05-09T09:23:19+00:00
SCM-480,7576945c8754080b52ec12ca3583e47215f720f9,2009-11-17T22:00:25+00:00
SCM-360,d50ef53e1308e4010e19795a2b8e03051181c293,2008-09-01T15:15:31+00:00
SCM-482,021f689bc696c491fef3c36f9c61c1eef92cfbf3,2012-04-12T20:38:55+00:00
SCM-120,1135478baf24d63373a4cafed293ee4bbc30b72c,2006-01-04T14:51:50+00:00
SCM-926,b2d9e5a84b6c8567739affe3a2e3f0c5cccbe5ac,2019-05-13T17:05:02+02:00
SCM-806,57f24ab047e8af8ade59df32639e942b6ba89c12,2016-05-30T23:35:20+02:00
SCM-488,ebf086207ad0bee9da245e259a8e644afd407fc4,2009-10-08T12:39:23+00:00
SCM-246,5d63f15312d9be6999385f969a0757011d77f414,2008-09-27T23:25:32+00:00
SCM-246,c6612dc4a46c8b152ebe53d642af0aaf4c89c1a5,2008-09-03T23:15:13+00:00
SCM-246,66b1615a01c15337a668f0100a267f906ad699e8,2008-09-03T21:32:19+00:00
SCM-246,590ea57e7f650c1369b1a5e03305df2ad5208cd0,2008-09-03T21:22:46+00:00
SCM-246,eda8d41e758d14a76c9eff0fd738fabb79180427,2008-09-03T13:28:04+00:00
SCM-489,83b936095e399fa3ff020bf9ff3788747eb14cab,2009-08-14T22:46:24+00:00
SCM-247,fae9953b25f4cde88e4b74b769aad58dae66fdd7,2007-03-12T13:57:22+00:00
SCM-126,83b3d14ecdb5f55c60809e27d880dba7896f542f,2006-01-23T14:25:55+00:00
SCM-249,4bcfa61f441748d643230af4b5ea77c7cff4b36b,2006-11-22T18:29:45+00:00
SCM-249,e7a35c67315f6443b1c43a16cac143a409cf8488,2006-11-20T06:47:33+00:00
SCM-249,a9e4bb43472621b1a60aaebbd719245bdb940227,2006-11-20T06:36:19+00:00
SCM-249,85696f5ad04cdb497202b06fbc7d36634385b7a1,2006-11-20T06:08:54+00:00
SCM-249,ffdcec215223e70f6f647acea992f3b788a956ee,2006-11-20T05:54:33+00:00
SCM-249,83a35bec8ad44aa75ab73ba8a948b9c5fc4bc915,2006-11-18T08:02:58+00:00
SCM-249,0d3b0bf8189f67d5cacc7c85850279543990c01b,2006-11-17T16:46:55+00:00
SCM-128,c0e53d9784835308661594960fcf9752b41a774a,2006-01-09T07:52:56+00:00
SCM-242,bc0cd0839c5b6e020bdf4f019493c48135153a85,2006-10-10T08:13:11+00:00
SCM-243,5f914a0be228f0f6229597989265daf109310c55,2007-04-03T09:01:30+00:00
SCM-122,6d4c8e561e2374e92ab133bc80f0c79d2fb6b048,2005-12-19T19:54:17+00:00
SCM-244,958e20d0204286e03d0783201b688d9f93f1297b,2007-04-12T15:30:42+00:00
SCM-244,871dec23e3034a675310ebd6b442c23e83b58347,2007-03-12T14:17:40+00:00
SCM-123,5c626ddec93dbf6a1ca47453499d65c1e93ed07c,2006-01-16T19:29:22+00:00
SCM-492,3235daa591c830d167bb5525a5f233bba9b6200a,2009-08-20T08:41:15+00:00
SCM-250,836e13d70c8ae2e6412af32d2ec8589e0db9065e,2007-03-12T12:54:16+00:00
SCM-493,0b6512f85b635a0b0903a974e5274b3abb968e15,2009-08-20T08:46:58+00:00
SCM-251,7e1b7a5d300211a7da1c44a6dd6127dd1ab9bc94,2006-11-20T21:34:01+00:00
SCM-252,7bc6c0cd57b1d2e5de144d23d9c123e4b13957e8,2008-09-02T10:27:33+00:00
SCM-131,b602552ac969833ca9a2a44682a4a209ba1df37e,2006-02-02T20:25:01+00:00
SCM-490,d3fe69cd9360bf4d28450e93be5946a838514a2e,2009-08-14T22:31:48+00:00
SCM-40,a240b215a061edc9a95719092d2065a1aa045815,2009-03-17T21:53:05+00:00
SCM-40,ce07cbbf6cd4ee0f09591e9cd5ebc25785a4ddf5,2009-03-16T21:50:28+00:00
SCM-40,8ede97dab11918b5ae0705b85a5185f9a470cc42,2008-09-02T23:59:53+00:00
SCM-40,32c8ae347bc81becce7f63c6521de90c0ef4936a,2008-09-02T23:41:54+00:00
SCM-40,e2f7ed806de3f471ae99d141cb1c28a17b1dd043,2008-09-01T21:25:04+00:00
SCM-40,a04fa48f6a848b2a9ec8518edeb5e91e37134fac,2008-08-22T21:43:53+00:00
SCM-40,777bcb0d471f8ca5709fd03a7c75206a1d3c8c11,2008-08-22T21:39:44+00:00
SCM-40,4ba120effc80e43e5a6d90467479e512f22b8f91,2008-08-21T11:12:33+00:00
SCM-40,eb00f7b10ab3687ce42d74610041d0ea6edf1878,2008-08-18T12:30:16+00:00
SCM-40,3fc9f79c4ad0d172aa1808def5250d22ec56f86f,2008-08-17T23:38:15+00:00
SCM-40,1664454da551354c85889639f0c55e6995e0e57f,2005-06-24T15:50:34+00:00
SCM-41,80dbf64ef86b7107c6d0caf4496eaa65285f8fd4,2009-04-30T16:50:15+00:00
SCM-41,de71a57cdf9ec12432abc880541765a5d6afe309,2009-03-21T12:56:36+00:00
SCM-41,4bf5c73691f796a62efc8215888611d94a671600,2008-12-04T22:49:48+00:00
SCM-41,725a32b4680c8077b661bab54eca6fc014784686,2008-09-03T23:54:44+00:00
SCM-41,2e311b196d03ffd07e851cf68392e45ff7a1e48b,2008-09-03T22:38:28+00:00
SCM-41,2a53e1477b6bc1cb91d90732d57b428352b7d060,2008-09-01T15:29:28+00:00
SCM-41,1664454da551354c85889639f0c55e6995e0e57f,2005-06-24T15:50:34+00:00
SCM-338,a834c41f40fa23fcd064502ac8cfb24eba64b0ed,2008-05-15T19:29:52+00:00
SCM-217,4ff4307186a8a131a0e1aac841b9ce5420354ec6,2006-09-24T13:36:00+00:00
SCM-219,08aeab9396a8e34fc4cbbbb389c86e3e9bfe39fd,2006-09-24T13:14:52+00:00
SCM-697,26213239f7822a404ecf775d987c8c9e6e162edc,2012-10-25T20:25:39+01:00
SCM-697,ff6703b0011b9e9e9a1c1645a03805e3b1023dcf,2012-10-16T13:49:31+01:00
SCM-697,6a73560a4f36fb00d919c371899266b4e58b73d1,2012-10-12T22:39:02+02:00
SCM-576,19296916d31a9294cfd3789f48f281122e96d500,2010-12-26T21:39:20+00:00
SCM-455,f527e8570dfbdcdc812c1bc261209cb2d574ef0a,2009-11-27T22:20:04+00:00
SCM-334,1dcba804c329e75cca50d9677c0a201586217851,2008-06-12T21:44:50+00:00
SCM-458,5d7f9dc96b9ca0763c2a57cc21e127ac551f825b,2009-04-29T22:31:22+00:00
SCM-216,83dc15598a7f499a577e615f5e080a842b5a9db7,2006-09-25T09:20:56+00:00
SCM-693,a2b4719200881d176e2c9c8e7282347647f51366,2012-09-04T08:33:03+00:00
SCM-451,12724ef168ab50f522b099ef10d2d8fa2758906b,2009-03-21T10:27:15+00:00
SCM-331,7f70f9d9c011b6940ba8427c6c8002979038cce3,2008-05-09T09:35:10+00:00
SCM-574,b027179618034aaf2dcc284a81cbf5c3f6312698,2011-01-19T21:47:06+00:00
SCM-453,bace1d28d5e8295f314ec7dfd8b338f693989a23,2009-04-01T20:29:33+00:00
SCM-332,4814f2375c3ee28b6c246519609e3af268fb922e,2009-03-21T20:55:43+00:00
SCM-696,372f1ec065e4d08fdaa2427b3e3b3a57daa9e114,2012-10-11T15:10:40+02:00
SCM-454,bace1d28d5e8295f314ec7dfd8b338f693989a23,2009-04-01T20:29:33+00:00
SCM-460,c2d7ee6e14c07b2530025d7356e05f4c6603546b,2009-04-29T22:43:57+00:00
SCM-582,6eba8536a1743af4c0d569364f8e9c374a69b3fc,2011-02-07T12:27:11+00:00
SCM-582,9198bda7461694316e14c368e1b916045cc8d5e7,2011-02-07T12:22:40+00:00
SCM-905,92d79ca24a6472d91cfb93719c30d942eea64160,2018-09-08T22:23:21+02:00
SCM-906,9f148fa9c7a01301788440a9cf71da2364208849,2018-09-08T22:46:41+02:00
SCM-27,c846d5d7924f1fa2356f3be2436996bb73b9d0c2,2007-03-12T14:48:21+00:00
SCM-27,02120dab2bc5c2d16b97f5bb63144a5bd79dc3d6,2007-03-12T12:43:48+00:00
SCM-27,f0a00c5b0260afc21b2fd3bad47dc3f73962e10e,2007-03-12T10:43:02+00:00
SCM-108,b2c519a9f5e9e0b7b6686b2a39cdf2f3d7796b42,2005-12-15T18:33:58+00:00
SCM-25,7bc6c0cd57b1d2e5de144d23d9c123e4b13957e8,2008-09-02T10:27:33+00:00
SCM-25,4eb12fb5c3b2d3d88af657ae94f42cb10f8ef9ea,2007-03-12T13:04:31+00:00
SCM-25,836e13d70c8ae2e6412af32d2ec8589e0db9065e,2007-03-12T12:54:16+00:00
SCM-25,c5c5dd25f4039d54ceefa8261e02bee1abe68469,2006-12-05T14:24:45+00:00
SCM-25,544a0b6c3d4981c3c5dd82faf2a11b06d72d2c17,2006-11-22T18:07:56+00:00
SCM-25,30f20434cba6096966946dc02122a1ae28aeff57,2006-11-22T17:25:32+00:00
SCM-25,a2da13d830bd734f25be0576e399b0d2de7ea803,2006-11-22T16:19:22+00:00
SCM-25,7e1b7a5d300211a7da1c44a6dd6127dd1ab9bc94,2006-11-20T21:34:01+00:00
SCM-466,9178bfb986f063f922819c9008f176c6453bb357,2009-04-30T17:34:27+00:00
SCM-588,a347f295ad73fe838d6df2f67d3e955fd91cd85a,2011-01-15T09:22:32+00:00
SCM-346,4d096e7fa97e5c4659a1e696c639ed560a7d0397,2008-09-01T15:08:23+00:00
SCM-104,7af930b1d3773b984fcc1b297c2f982550a75e2c,2005-12-08T09:56:32+00:00
SCM-589,8198138b0bcfe393a04727d5eadfe526c6a34310,2010-12-25T21:13:09+00:00
SCM-469,21dbeef0e0b360c0b7d5ed3639bb75ab308d3661,2010-06-23T16:16:05+00:00
SCM-106,f88336302532fd06a9abee45680d1abc38519391,2006-01-24T10:02:15+00:00
SCM-106,c68a19632315c0455d313cdc881af3aaedc349de,2006-01-15T04:56:46+00:00
SCM-583,b9e42308328bc443b2eed5efbe490d7e0bd0ea2e,2010-11-14T23:20:07+00:00
SCM-583,89da44b28ff3b886a5292b156673b468fabad230,2010-11-13T11:56:29+00:00
SCM-341,4715ddb6a0ae1dff417bd46f368168a36c2228e4,2008-01-04T17:11:05+00:00
SCM-584,c1a7e71219147a5a0b977be95d14e8118f42fb7d,2012-02-06T19:56:44+00:00
SCM-464,de4df432d333d05e21e9faca05343e6b5e959f7e,2009-04-29T21:59:38+00:00
SCM-592,73461822f3821f0b52a66a1e6b0f83b73dc5867b,2010-12-28T20:13:15+00:00
SCM-471,9b34429e9c5be37e377456a1707afc3d7fb3e7a7,2009-05-14T21:50:43+00:00
SCM-834,7600d293d2a07beb94ad467ce09c6fb816ee09b3,2018-09-08T22:21:25+02:00
SCM-835,13775da2dbb30e7fc553d449672bb74dd8d02a14,2018-08-19T23:02:54+02:00
SCM-99,4fbe126ad01465e99862d85d302a2f6df2465c33,2005-12-06T13:30:13+00:00
SCM-836,0be4b4259af486bf8cbf218a30be3af2c12e910f,2016-08-24T01:59:31-07:00
SCM-279,f0a00c5b0260afc21b2fd3bad47dc3f73962e10e,2007-03-12T10:43:02+00:00
SCM-159,d9ce79dd81b88ebe089d97efba3517d3c2e9e696,2006-02-08T07:29:43+00:00
SCM-278,02120dab2bc5c2d16b97f5bb63144a5bd79dc3d6,2007-03-12T12:43:48+00:00
SCM-161,9b2ce83a1e811f165d49ccd05abd4eb75f1bdb49,2006-02-27T14:47:01+00:00
SCM-283,052e5a234fc6d6c9391a8f02e4a8b6ab51a133f7,2007-03-12T12:41:22+00:00
SCM-90,24115a9da9a73c9bbb99c4ebee6fbec389731b23,2018-09-08T23:50:07+02:00
SCM-90,9f148fa9c7a01301788440a9cf71da2364208849,2018-09-08T22:46:41+02:00
SCM-90,92d79ca24a6472d91cfb93719c30d942eea64160,2018-09-08T22:23:21+02:00
SCM-90,fa9c3d1f34f3ad5703f1ec1e1d24e8698f30851d,2018-09-01T21:27:05+02:00
SCM-90,b4245477f7bf69dea6191a0ecab8ba7347c0f280,2018-09-01T21:27:04+02:00
SCM-90,c162c665d61970186e49597d6cad9ac9a931b865,2018-09-01T21:27:04+02:00
SCM-90,ddb7988c6abde3ca10682541049cbe581cd59aac,2018-09-01T21:27:03+02:00
SCM-90,fe770e4d5c5cf17d9daed31cb84a3060eb3b77f6,2018-09-01T21:27:03+02:00
SCM-163,faa3ebacbb28c0bd97ec625e28f3ef037ada1230,2006-02-28T01:00:39+00:00
SCM-163,d6ef961c7fb3686b3b5cc8ced5b888147ef2ad34,2006-02-23T15:51:00+00:00
SCM-164,faa3ebacbb28c0bd97ec625e28f3ef037ada1230,2006-02-28T01:00:39+00:00
SCM-164,949136ef09e86f9ea9d2dfad9fdb38f5dd971a0c,2006-02-23T15:53:16+00:00
SCM-97,f71a2b0adfb67cb8aff8185b94a3156feb9786f8,2005-12-06T13:18:30+00:00
SCM-93,07857bf1a9b297c715dd6face835195fd64d6f8d,2005-12-01T21:05:47+00:00
SCM-94,1421b361bd3dac61d71b2ba6ee0c4fd9820d3976,2005-12-01T22:02:37+00:00
SCM-92,b2d9e5a84b6c8567739affe3a2e3f0c5cccbe5ac,2019-05-13T17:05:02+02:00
SCM-92,6f876b4dc33372a8527f09c23c6f698e04a771c6,2019-03-20T14:48:36+01:00
SCM-92,7b5310bedaad9a1f521a9e0c6c4467a1650e1e05,2005-12-01T20:56:32+00:00
SCM-609,b3c7d61dbbb23dc9c23b78abe0df34d092e832df,2011-02-20T15:11:18+00:00
SCM-603,32f3b1c32d15e3a9d4610a619dfeedcade9e2593,2011-02-05T22:08:56+00:00
SCM-846,4c13db8164691aca57ab6279c550e339e7639ae4,2017-04-15T23:54:45+02:00
SCM-89,c3e1baabf8e5b8c21217c798b1e9176dc837bea3,2018-09-01T20:31:02+02:00
SCM-89,f541f1ce54452ef60f3e0d6a3947205d47196727,2018-09-01T20:29:36+02:00
SCM-89,34dcd0502d1ccd3e35c690a6d289d3a8d12c941d,2018-08-18T23:41:24+02:00
SCM-89,83afc2a6d46f1446c28645445e766027e1dcff42,2018-08-18T21:46:24+02:00
SCM-89,999cd528d3b7235f1ef31308471d9e7c71b3f973,2018-08-15T22:24:37+02:00
SCM-89,c595cbbf58ec3a1113072e7c02122f3a74784c5b,2018-08-14T00:20:16+02:00
SCM-89,8f0f90265357714f4a6f363cf05688f3ed91747b,2018-08-13T23:24:09+02:00
SCM-89,3febd03186ec5ad5b27bba20f97ce8326d7ad748,2018-08-11T23:56:34+02:00
SCM-89,02d30f2522568e71925a5acdae0d2091c2b26a15,2005-11-30T08:08:49+00:00
SCM-165,3aebf17ddab5897182c2982cff0b8feb0991ffde,2006-08-15T03:19:41+00:00
SCM-165,faa3ebacbb28c0bd97ec625e28f3ef037ada1230,2006-02-28T01:00:39+00:00
SCM-172,7f52f82bb362f1592031697e8150a76624408525,2006-03-10T09:05:05+00:00
SCM-174,fc8e5b5e8a866cc64ccdbc81380d962b6d5789f5,2006-03-27T20:19:55+00:00
SCM-174,58c9476f5826c5a34861e3f7979f3d9df2614bfe,2006-03-23T09:18:28+00:00
SCM-175,fc8e5b5e8a866cc64ccdbc81380d962b6d5789f5,2006-03-27T20:19:55+00:00
SCM-291,9018d266c39af8d1f20f877194803f6225adc8d4,2007-03-22T17:17:12+00:00
SCM-171,9e54bd2ea78d2a773d7fb17ff3136730d3b99861,2006-03-07T11:06:33+00:00
SCM-86,3b0f2ecb900366564f6ea735302819c3a2c6513f,2018-05-19T00:28:39+02:00
SCM-86,9be3bf0d54f8fde5f2f6f668f5047c1174e7c9d7,2018-05-04T22:42:09+02:00
SCM-86,83136be25c93c1db8b01e85307624dd0d2cb80b3,2018-03-19T09:25:53+10:00
SCM-86,411123cf44deb5a41b2c588360d4c9def30bf4b0,2018-03-03T20:39:44+10:00
SCM-86,b03f727fc8713f37f07dc1ede50f145d1d3e128a,2018-03-03T19:51:11+10:00
SCM-86,774603cf4ef6e81dcf4b939864e6a120419ccc56,2018-02-18T13:39:06+03:00
SCM-86,83b9c548d99b361da800b2da1204f4f182bd6483,2018-02-18T13:26:36+03:00
SCM-86,fa78bbc6d4e93ecc218f245df24c3b674023a25c,2018-02-16T14:33:13+03:00
SCM-87,57c9e6caa823011f9c4cc9d0e72790cbc1f23e4a,2018-04-02T17:39:33+02:00
SCM-87,c83eee65903c6d1eafd9e51810a3c523037b499b,2018-04-02T00:10:41+02:00
SCM-87,e81778d63cfd6cff7a5fa5a14644440b758e35f2,2018-03-23T13:51:00+01:00
SCM-87,3d44a486c67be7f89d1d76219c5ae5c7521878be,2018-03-18T12:25:38+01:00
SCM-87,0eccc16ecbde12195c503d565245c6cf9865c50a,2018-03-18T12:12:14+01:00
SCM-87,302ccb4854af613b5818c4187e5d8fd537484bf9,2018-03-18T00:53:26+01:00
SCM-87,609c4bdc7668ff11cee5dba51e4ac2ff3e6dce51,2018-03-17T01:22:09+01:00
SCM-87,45d3dc744adc25176ac9602fc8c9b1c9186d3fa4,2005-11-29T09:52:27+00:00
SCM-82,04b4c9db64535aa973c4b5a2c02aad562456daa2,2018-05-04T22:51:34+02:00
SCM-82,8d7613c0b3c5b6337fee01baf9648b0ca3550509,2018-03-24T12:09:19+01:00
SCM-82,2e3fd542d3f02afc1d5f8cbcddfa874b2cc5dad6,2016-06-10T13:38:54+10:00
SCM-82,cd4153912591c26b9d908256f1f87687f7f47c91,2016-05-29T21:58:17+02:00
SCM-82,860a2eeae26254bd330fc43ffd920bbc2e55a281,2016-05-27T11:41:24+10:00
SCM-82,2ed8f5ee521e776ead3f8b6a54685f059bac27b8,2016-05-27T11:41:09+10:00
SCM-82,8b404a9aca8adef0d3124b223eccf3ecc70fd08d,2016-05-25T21:54:55+10:00
SCM-82,9f30e46c6e72edf7ef72683289ab5b5722d2f8e7,2016-05-06T04:02:59+02:00
SCM-82,ace95979ff879f7515c939b3a0b5ddedcabbc7dc,2016-05-06T04:02:35+02:00
SCM-82,ff63ef9a3b466930de90e9d58fdbf834c25663eb,2016-04-12T22:19:01+10:00
SCM-82,6dddf1fc0847be77b2fba4eb073c85e1dd69682a,2016-04-06T10:21:34+10:00
SCM-82,e0afea49748920fb5172d4130ee9a5c3f2207341,2016-04-06T10:01:45+10:00
SCM-82,85d5b7de34c93d18da4ba5db4ddf9b098a52feb4,2005-11-29T16:32:18+00:00
SCM-81,8e4769866d6cc8843aafab597330a3927b7834cc,2018-03-11T01:21:33+01:00
SCM-81,3dbbae9c5a7c92f6f1d8d8fc3824cee7eefedab5,2016-05-31T23:16:29+02:00
SCM-81,1fd6136ed3cce4b633d08227482f387d1669465b,2016-05-27T21:11:01+10:00
SCM-81,1c0bb9e8ea9d9bf0ecfad18bfea65baf175968ae,2016-05-25T21:27:51+10:00
SCM-81,3aab5fda6cb1bcf83da67bac29a9731047e923f1,2016-04-05T13:20:30+10:00
SCM-81,9d009e8f14c0dff99c377b8991bdd59b519f0d33,2016-02-06T10:15:41-05:00
SCM-81,8785b85e0d6273f88e7bd173c5d59d0e2c1148c2,2016-02-06T09:58:36-05:00
SCM-81,5c303e41f51ed8c4698863940ef6099e7c825faa,2015-12-22T16:40:01+01:00
SCM-81,1aa703942bac334d93cf66e32b3625cbe279fd30,2015-12-22T12:20:31+01:00
SCM-81,c60444794a596cb0ea7cb36c0239441b87c5709f,2015-12-17T15:00:37+11:00
SCM-81,85d5b7de34c93d18da4ba5db4ddf9b098a52feb4,2005-11-29T16:32:18+00:00
SCM-817,1c0bb9e8ea9d9bf0ecfad18bfea65baf175968ae,2016-05-25T21:27:51+10:00
SCM-812,c60444794a596cb0ea7cb36c0239441b87c5709f,2015-12-17T15:00:37+11:00
SCM-813,5c303e41f51ed8c4698863940ef6099e7c825faa,2015-12-22T16:40:01+01:00
SCM-813,1aa703942bac334d93cf66e32b3625cbe279fd30,2015-12-22T12:20:31+01:00
SCM-814,8e4769866d6cc8843aafab597330a3927b7834cc,2018-03-11T01:21:33+01:00
SCM-78,fc3914378e4b31f02277fdf3748b07b5a757d3a8,2016-04-05T15:11:51+10:00
SCM-78,ab163ea9a3f902adc482f42ad20aafa491412827,2015-02-01T12:27:38+01:00
SCM-78,3f5720e4354549bc3ff1fb7e861ae0b71699f68a,2015-01-13T21:56:16+01:00
SCM-78,11778e29546f5dcac860673f7b316b771f703fee,2015-01-13T21:40:35+01:00
SCM-78,fc12e06660b1698bf3da061b3989ed04d00b9f03,2015-01-13T21:23:42+01:00
SCM-78,2e6768ec5f0664972820f855ed8a1d7f08d55b1b,2014-11-21T14:09:39+01:00
SCM-78,3d00a8eedc191a49886ba11c56065ccd77a68a3e,2005-11-29T16:29:04+00:00
SCM-379,d0f938b83496fbceb326aaaccc4d7e6e4787d41b,2008-08-19T12:02:05+00:00
SCM-138,6a0fc71bf7036a0c55893c615289cd62dbbe96a3,2006-01-22T10:30:28+00:00
SCM-374,009e195c4405ee06f5100ae7f1dd0119cc7f2678,2008-08-10T20:51:41+00:00
SCM-374,c3f14f165ec3fd7ff3909f2a1fc88fcd7da36745,2008-05-07T03:39:49+00:00
SCM-253,a2da13d830bd734f25be0576e399b0d2de7ea803,2006-11-22T16:19:22+00:00
SCM-375,c894d2c281cc6438ab2f25362322d7de743731c2,2009-01-11T19:38:26+00:00
SCM-375,47e7ad44667378d625a8eb6f8b5704cf1633fef7,2009-01-11T09:25:52+00:00
SCM-254,544a0b6c3d4981c3c5dd82faf2a11b06d72d2c17,2006-11-22T18:07:56+00:00
SCM-254,30f20434cba6096966946dc02122a1ae28aeff57,2006-11-22T17:25:32+00:00
SCM-498,ebf086207ad0bee9da245e259a8e644afd407fc4,2009-10-08T12:39:23+00:00
SCM-382,9ef45db5fbf7972a9bf28ef598ece90029f14688,2008-06-03T03:39:46+00:00
SCM-261,cb6ca9bf938e8de2646f87bf2f5481a25525a43e,2010-01-11T11:35:37+00:00
SCM-261,ce47b69a5dae92e8a91d1901fedb3ddbcfddcb4a,2009-12-28T21:55:32+00:00
SCM-383,4deedd6029cd6c52cbfafa77fc74ffb3955a8901,2008-08-28T23:27:22+00:00
SCM-262,dd6a450a79c54270b5407c277bf646846cd35992,2009-03-16T08:23:42+00:00
SCM-262,4dc210425aa3c603670167f0cb85f6ac490590b1,2009-03-16T00:34:48+00:00
SCM-262,194c8f325eab875ec1941c31b9c30bf526ea9cbe,2009-03-16T00:23:48+00:00
SCM-262,941522bb1278ee88160d1dc7643c44654ba51204,2009-03-15T22:26:37+00:00
SCM-263,4936544aa42322bbb450cf9983231bb5d1e591cf,2007-03-22T20:46:37+00:00
SCM-380,411123cf44deb5a41b2c588360d4c9def30bf4b0,2018-03-03T20:39:44+10:00
SCM-380,3b75b750a5aa072103de0eae4b7f89c17485e726,2008-08-19T11:41:08+00:00
SCM-380,faeec285780e60058f9d5d481c7a316b97d052ae,2008-08-19T11:38:12+00:00
SCM-75,b273f796be56cd0ea5ab86aed4de250fc262a3c6,2014-07-26T09:48:21-07:00
SCM-75,a678671dc7dc8d8546cc45b9f32997fbd1903b3d,2014-07-22T21:38:58+02:00
SCM-75,82b8f4bd3e3f61d2e98209e758c43afd41b987d8,2014-06-25T00:22:22-07:00
SCM-75,a72a7cb46226266704994b5d9a57a0ab64259db8,2014-06-20T14:17:32-07:00
SCM-75,252c2ddcfe166759bf6f3b7b0245b09a312a007a,2014-05-26T22:15:08+02:00
SCM-75,f493dfdbd35daf2eb0f864afff0c00cc839543c6,2014-05-25T22:32:38+02:00
SCM-75,8e0239e76620f0afe68fda5a882468f4be45413c,2014-05-25T22:22:59+02:00
SCM-75,8ac5588aec3df73d585767e7e955591e44446711,2014-05-25T21:32:29+02:00
SCM-75,02c83cea80bf6c000f6f7279be7f6b9cd5a9f7a5,2014-05-25T21:32:19+02:00
SCM-75,89dbddc1eb836a628c777193df3fad71ad0b5290,2014-05-25T21:32:15+02:00
SCM-75,0338f611724622d1106b5e8739e769ca4d9a1033,2005-11-18T09:13:01+00:00
SCM-76,60d98849047f11daec78e2fb14938c12776e68c3,2018-04-29T23:37:43+02:00
SCM-76,1948757009d5730fd98ad011e3a581b576c91d47,2015-01-02T12:15:41+11:00
SCM-76,9aef6c0a2622165ef0faff7389aaeddbec15afd5,2014-10-15T20:48:39+02:00
SCM-76,e98f3345265b54da5e292e63a3ee06440cbe3ca2,2014-07-27T21:01:20-07:00
SCM-76,3b4695a81d97271a7b13ed64cc50103d9a73e20b,2014-07-26T10:22:10-07:00
SCM-76,037ba69bced119de1618526e6977940908eeb7bc,2014-07-18T18:18:49+02:00
SCM-76,6a4ccf507b73d92d33ee050dac8e2d977f7fb245,2014-07-18T00:45:07+02:00
SCM-76,692b76a912205950abed3a723e030fa57a149ef9,2014-06-25T10:15:15-07:00
SCM-76,2b647833001c844fafa2c57e4d267593e9b222ab,2014-06-25T00:26:58-07:00
SCM-76,2b721fbf2a0d3a3873846adda6e69418872ddbc1,2005-11-18T07:47:52+00:00
SCM-74,fb4e948aff7f21e77fef669e0364ea4e9afb2f2d,2018-08-19T00:46:05+02:00
SCM-74,e776e9ba2860bacdfd777f551e843c35098c835d,2018-03-30T00:19:32+02:00
SCM-74,566dd9ab61db4856891d4408241b155e9cecc236,2018-03-29T20:17:12+02:00
SCM-74,115dfd66757f34bdc2e39b4addd12ac6cc7d5136,2016-05-31T00:18:39+02:00
SCM-74,84fe9d2f1928f0813d341fc7c564f2088f3f0b10,2014-05-04T14:09:11-07:00
SCM-74,b4aee5091bfbda166e879b005042b2b7d518436c,2014-03-17T21:58:04+01:00
SCM-74,03b1907a631cb31cbd4943fd1c2ceafe3e400dd6,2014-02-13T16:29:28+01:00
SCM-74,ac2a7264767fcca2c8f197c24210917edb87034b,2006-09-25T08:14:03+00:00
SCM-819,3aab5fda6cb1bcf83da67bac29a9731047e923f1,2016-04-05T13:20:30+10:00
SCM-70,223b883b14e22a76d7550e374c69eb4ea9d22810,2013-05-22T23:14:17+02:00
SCM-70,aff6ce413d1e8272eb9c027c089776c253da075d,2013-05-22T13:50:51+02:00
SCM-70,b41cf6dd237bf437d5e087a0a299319f86c9e921,2013-04-05T23:54:14+02:00
SCM-70,498b6a548043a14557792c62abde9564c16dfcfe,2013-04-05T23:01:32+02:00
SCM-70,10099c04216fa6513983a48d188905d07a1652ad,2013-03-17T18:35:58+01:00
SCM-70,43bc13254dc6de2f921e2e946f1a3ead5f0f8c80,2013-03-17T18:05:48+01:00
SCM-70,4518cfc5983669cf5f4bcf90a4a4963897afc739,2013-01-24T23:26:13+01:00
SCM-70,f7b115ed0ca0f429b9fd644528211f66d008dbbf,2013-01-24T17:40:26+01:00
SCM-70,6aff3431817108139d29914dc81d8d2dc53e3c6a,2013-01-19T13:38:17+01:00
SCM-70,bb864ac15a56525899072555d37dafdbf21e58dc,2013-01-12T21:52:59+01:00
SCM-70,fa8674cc620c8253c03e8113da68814e03938464,2013-01-03T18:54:42+01:00
SCM-70,1bb2d4faf0ade9795455ba235ffc8f41dd2a2f4c,2013-01-03T18:39:25+01:00
SCM-70,fa5b0dd8f01da05f2e67be412bff231a620c295c,2013-01-03T17:57:12+01:00
SCM-70,5498d50bfb3ad3ff12028a14e1141bbed0121451,2005-11-08T21:32:53+00:00
SCM-705,f7b115ed0ca0f429b9fd644528211f66d008dbbf,2013-01-24T17:40:26+01:00
SCM-827,cd4153912591c26b9d908256f1f87687f7f47c91,2016-05-29T21:58:17+02:00
SCM-828,2e3fd542d3f02afc1d5f8cbcddfa874b2cc5dad6,2016-06-10T13:38:54+10:00
SCM-707,b41cf6dd237bf437d5e087a0a299319f86c9e921,2013-04-05T23:54:14+02:00
SCM-707,498b6a548043a14557792c62abde9564c16dfcfe,2013-04-05T23:01:32+02:00
SCM-829,8d7613c0b3c5b6337fee01baf9648b0ca3550509,2018-03-24T12:09:19+01:00
SCM-822,ff63ef9a3b466930de90e9d58fdbf834c25663eb,2016-04-12T22:19:01+10:00
SCM-68,9dfde5c6295beea94e8ad3a53da37833ed648df1,2016-04-06T09:48:46+10:00
SCM-68,87f4a780e9a82631f8a2b76d123c50fe0b21f229,2013-10-12T18:55:46+11:00
SCM-68,ffdc52d98e8cb2d0fbaa6a95a4aef2d07f613c0d,2012-08-28T22:47:15+00:00
SCM-68,5c58908896a1b82bc6ee0af005adf0d6ef326395,2012-08-20T16:10:26+00:00
SCM-68,68e3ea4d12342664b1ad569a36d5f9978352a17d,2012-08-11T11:41:43+00:00
SCM-68,6cc05afe9f66466df4cf3bb28fc5f914c9576964,2012-06-27T19:38:56+00:00
SCM-68,55b08698d9f148cf2bb3f916f4ed09409577d019,2012-06-22T10:22:25+00:00
SCM-68,6457e01f84a4c70cb349b0c732afc225c5745c70,2005-11-10T21:25:01+00:00
SCM-702,bb864ac15a56525899072555d37dafdbf21e58dc,2013-01-12T21:52:59+01:00
SCM-66,7afe5af23ac6dce8923305208a509d653b9ed876,2012-03-20T22:05:02+00:00
SCM-66,1c5ccb72bb9ba83a763b85d4f2e8f94fc8951055,2012-02-08T11:06:08+00:00
SCM-66,1c5a9e8ce4459b8779d13c17e1e10a6eb4d716fb,2012-02-07T17:29:40+00:00
SCM-66,4cc1284b793a0999c3ed041f771f0dec81195ba9,2012-01-27T12:42:47+00:00
SCM-825,8b404a9aca8adef0d3124b223eccf3ecc70fd08d,2016-05-25T21:54:55+10:00
SCM-67,685b67635451f8daf5526ca93a5c8f2502a21ef1,2012-06-22T08:33:37+00:00
SCM-67,09c41a2bca500b2c2d82bedc567a6962e18bed12,2012-06-20T12:35:38+00:00
SCM-67,62677acb93dc4b01f08f5d646e1369b17bff4c4e,2012-06-13T20:49:42+00:00
SCM-67,846fca91dae8cb800a0ce4fa3529bb5127e913b4,2012-05-17T13:21:33+00:00
SCM-67,b7ce59648075ff40cb9fe97de2f8303ce0db0ee8,2012-05-17T12:27:22+00:00
SCM-67,4fef17026065f843fedb54db39b8f1e66a7da1be,2012-05-17T11:18:35+00:00
SCM-67,0b92390b77ba59b809a3162702907d5f26cda5db,2012-04-23T08:21:11+00:00
SCM-67,2ce351ba46bd89446b8e194fc3a97cab818a928d,2012-04-23T08:20:47+00:00
SCM-67,47615d47a28c16e7bfcd541bd7f4d8c9611f21f0,2012-04-23T07:46:06+00:00
SCM-67,e0b85249fc456940b76cebdf8d69f795fb437c20,2012-04-23T07:45:33+00:00
SCM-67,accc5ae83de0cb295826ca92b510fcc10255b573,2005-11-08T21:18:06+00:00
SCM-820,e0afea49748920fb5172d4130ee9a5c3f2207341,2016-04-06T10:01:45+10:00
SCM-821,6dddf1fc0847be77b2fba4eb073c85e1dd69682a,2016-04-06T10:21:34+10:00
SCM-385,9b6890f35ae6dfee2fcfc8c419f19fda43782f5b,2008-08-19T11:12:38+00:00
SCM-264,fb9f2af74682830dbf4107305cb70c743cbf1b7c,2007-03-12T11:04:40+00:00
SCM-386,f70f123125764a7daa62bfe0eeec69866681a3a1,2008-08-18T14:39:06+00:00
SCM-144,c6280e886b5d98b852d2c09062ec5d0d00908b7a,2006-01-31T09:10:54+00:00
SCM-387,c12daadcc0940d816e431c92feb07dcfd051d3ad,2008-08-19T10:53:00+00:00
SCM-145,5997ec41ad031a5212e9798f9a77de16e4ea5df9,2006-01-31T09:13:33+00:00
SCM-146,b1c8cc2a9ff117530cf1142cf5e38d057e22a2e2,2006-01-31T09:32:56+00:00
SCM-394,d1997e2fbf20b30fbbb051ce5622b4925aee8eb2,2008-08-06T01:29:00+00:00
SCM-391,f050ae12d6630727a16ea2d73559d85c4d1d4b17,2008-08-18T12:28:29+00:00
SCM-64,547aa972deec46d3b926081d91aba81ffc323423,2012-02-08T21:29:06+00:00
SCM-64,f5b3e3200ff2774099b1b9407349ac8f04e29497,2012-02-06T20:05:54+00:00
SCM-64,8fdd810777304521bd742b274be0b0b9746943ff,2011-12-10T21:22:16+00:00
SCM-64,a3b6d04e7b11bf31495506780d73f1f94b20b899,2011-12-07T21:08:29+00:00
SCM-64,6ebdd1faf7bc25866c7c398315886df94ffb3489,2011-12-07T21:08:04+00:00
SCM-64,b477ad1f27061d6bc7a38a813713dc67a0174a9e,2011-12-07T21:07:37+00:00
SCM-64,803056d2fa1205777ff679c21d09ce43c9d87a17,2011-11-28T14:55:57+00:00
SCM-64,548c70457370d3ee8654bb3dee717f8ae6a89014,2011-11-28T09:57:30+00:00
SCM-64,b565c13a3311c98793f86c2ec95237211c720ef5,2011-11-22T07:55:51+00:00
SCM-64,3da798d36ef0129fff5b59f73d265f465901818e,2011-11-21T23:16:01+00:00
SCM-64,beb6052928b17c56ddd14f7a0db717c342fea334,2011-11-18T00:47:08+00:00
SCM-64,2780bff091ee8e38c50c08ef35e0d41375055309,2011-11-14T08:05:07+00:00
SCM-64,10db78632d13fc41507b42c52e0e39ec0db7f437,2011-11-14T08:04:48+00:00
SCM-64,66b1210e7927a41320c8ac07de2dd53b20389e20,2011-11-10T14:58:30+00:00
SCM-64,dc644610127855998ed2af4a9d844c7be6ebcabf,2005-11-14T10:45:56+00:00
SCM-65,a4f03959b5c26e122b5923d52e3aa2de943c1470,2012-04-20T21:12:37+00:00
SCM-65,23fd6198e92a971714e50b4c7c012957f30951cf,2012-04-20T21:12:15+00:00
SCM-65,dbf2324f53cee1b7a53b5cf15a0566ce546d68dc,2012-04-20T21:11:59+00:00
SCM-65,945d096eb48634099377e5f52dadfb52f04a1496,2012-04-20T21:11:40+00:00
SCM-65,082a421dd65becf7ebfdd437d9c67d883cbe17cb,2012-04-20T21:11:22+00:00
SCM-65,5a700d25e84c0a7faaf9892d1d1a5ac53c57b70f,2012-02-03T12:24:13+00:00
SCM-65,97921e7b9ced46521deadfe1ce55545521bff2de,2005-11-09T17:27:24+00:00
SCM-62,ccdfdcaa37dbb30ef11a68734c3f02e0a0bc5e17,2018-08-19T00:58:09+02:00
SCM-62,1992233bc1049adf59a37d27ffcc321def16e4a6,2011-11-28T15:02:19+00:00
SCM-62,53cccf61a40518cb7ff10ccfbeab306e014f3ded,2011-11-10T15:11:48+00:00
SCM-62,9857dc06d9dbd153a6c97a5d916cb2f1a2ed92a7,2011-06-16T08:07:37+00:00
SCM-62,d9d075ac4286362798e611f1f5f20a51b24d2910,2011-05-15T16:17:21+00:00
SCM-62,e45a79618f8f3f3294783eb21d896c4ac7928d3c,2005-10-19T15:54:43+00:00
SCM-62,7c3a256115b03e3c1025c41358b6add0727c3af1,2005-10-19T15:37:15+00:00
SCM-63,fd487ab9728fd46566a41304a8f505df0c0411ca,2013-01-12T23:19:30+01:00
SCM-63,917fee121eb5f4582a0b720947af829467e38033,2012-02-06T19:17:32+00:00
SCM-63,6cc5952010c0175183258f6c79cab2fe994554ee,2011-11-28T15:20:44+00:00
SCM-63,4436bfe57e795f1741a4d7a578fb884745820afb,2011-10-20T22:07:19+00:00
SCM-63,39cbf7edc7c763a7deaf7db740df1854c2c47808,2011-10-10T18:32:28+00:00
SCM-63,27c1586c3cac2060a279606bc01c9ad2e33af4c7,2011-08-30T07:54:41+00:00
SCM-63,15aacc1a164ea505c612bdaa57d26eb31fab0671,2011-08-27T12:39:21+00:00
SCM-63,183f34f36398848ff577108e798b1429ffb664f4,2011-08-27T12:38:39+00:00
SCM-63,085f3031bbfc039c12974a40f7af8d20777e0177,2005-11-08T21:23:45+00:00
SCM-709,223b883b14e22a76d7550e374c69eb4ea9d22810,2013-05-22T23:14:17+02:00
SCM-709,aff6ce413d1e8272eb9c027c089776c253da075d,2013-05-22T13:50:51+02:00
SCM-709,10099c04216fa6513983a48d188905d07a1652ad,2013-03-17T18:35:58+01:00
SCM-709,43bc13254dc6de2f921e2e946f1a3ead5f0f8c80,2013-03-17T18:05:48+01:00
SCM-709,4518cfc5983669cf5f4bcf90a4a4963897afc739,2013-01-24T23:26:13+01:00
SCM-709,6aff3431817108139d29914dc81d8d2dc53e3c6a,2013-01-19T13:38:17+01:00
SCM-709,fa8674cc620c8253c03e8113da68814e03938464,2013-01-03T18:54:42+01:00
SCM-709,1bb2d4faf0ade9795455ba235ffc8f41dd2a2f4c,2013-01-03T18:39:25+01:00
SCM-709,fa5b0dd8f01da05f2e67be412bff231a620c295c,2013-01-03T17:57:12+01:00
SCM-60,b3c7d61dbbb23dc9c23b78abe0df34d092e832df,2011-02-20T15:11:18+00:00
SCM-60,3ba98e1a31950a42a0cbad8ca5ee4e6451bb56e6,2011-02-18T18:00:56+00:00
SCM-60,44a3de1c84ae4063787a01d5e8e6bbe219d71864,2011-02-17T15:30:06+00:00
SCM-60,6393d95ca33aff107f8a8827db521c9b17ea6881,2011-02-13T21:59:42+00:00
SCM-60,0dabb00357686c8fe9b74abdba8d5b0db039cc45,2011-02-13T21:57:57+00:00
SCM-60,9cfb6a56cae765dab72860b86294b63a72711e37,2011-02-13T14:59:50+00:00
SCM-60,1c3e4a31c88f7566bf55ecc13183856e4fb499bb,2011-02-11T23:39:29+00:00
SCM-60,32f3b1c32d15e3a9d4610a619dfeedcade9e2593,2011-02-05T22:08:56+00:00
SCM-60,ee7edb767282044456c911f375e32a5a223f049c,2011-01-26T21:58:58+00:00
SCM-60,d7dbdc1a732c4c01c2ec499f929bf73f007fa4f4,2011-01-26T21:58:39+00:00
SCM-60,c7db5fcbb22dbd6767e04682caca46490370b43b,2011-01-26T11:57:54+00:00
SCM-60,86d03b21a3e9882ab543981d96cc56ceb8ee910a,2011-01-26T11:12:08+00:00
SCM-60,9ffeef2e5ee1ac9c642fe330da63016e2b02b48e,2011-01-26T11:09:17+00:00
SCM-61,0c41767254eb02add1b6ba2e879e40108daf5771,2012-02-06T21:34:56+00:00
SCM-61,d81a3148357071dd23a9b53be71859dec5b70f9a,2011-04-17T20:28:59+00:00
SCM-61,9511324ffeecbf200c932fc9a066815e5676b413,2011-04-09T08:28:14+00:00
SCM-61,47259c2aae8baaef4c2ec152a8cb0adfdb517efa,2011-04-06T21:28:58+00:00
SCM-61,7fee53580b334c73da722d74c182c1ddaa2fcba1,2011-03-18T22:27:34+00:00
SCM-61,45d8ae04311b72a7ee01f27916d2d822c04b6d72,2011-02-28T23:16:57+00:00
